review_id,source_type,source_id,original_text,cleaned_text,rating,timestamp,sentiment,content_hash
56500418-51ad-78c4-7b67-9d72475e28e1,play_store,e0cf963a-d959-4f00-a28a-07fe102da17e,bad expiration wrong product delivered,bad expiration wrong product delivered,5,2026-07-29T18:46:41+00:00,POSITIVE,c08156b2b51a8e3c42b35cbd0252a359378ec4beb5962ab5d877ccbceb0906ae
b8821faf-e810-3c15-b60b-e06b30ef20ae,play_store,91290470-c028-4b5f-a90d-da8a726f86aa,small amount items not available,small amount items available,1,2026-07-29T18:46:16+00:00,NEGATIVE,c5924239e9bb6494bec3c0f8835591b553f38eaeca39db7ebcbb05ea367dc5d4
be71b19d-0352-993d-5be0-a06e35407b74,play_store,028167f7-9b22-4657-8e20-f28be5d553c5,price is more than original MRP and u also mention free delivery,price original mrp u also mention free delivery,2,2026-07-29T18:45:38+00:00,NEGATIVE,b9a082fd0bd784103cedb70a4cdb3ecb8f92ff785405124ee059fa61a48bff03
2009488c-fcd9-63a9-9112-c04e28f820cf,play_store,31412447-cfa1-44cf-b964-261083938ff5,it becomes more expensive to buy cheap item,becomes expensive buy cheap item,3,2026-07-29T18:44:55+00:00,NEUTRAL,3d11da2bf680a1ce98d7733f73855cdb06a8d23d4a7f20b4065bdfd3fea49915
74809d19-570d-fd7f-8de0-26d712552dea,play_store,bd924a91-1a49-4783-a05b-3ae16a11c6d3,"guys, please remove the feature where when I'm checking out an item for it details, it swipes to another item. please please, it's so damn irritating. please remove",guys please remove feature im checking item details swipes another item please please damn irritating please remove,1,2026-07-29T18:44:39+00:00,NEGATIVE,362cfa65b6398b59ed48b19d155107d54e103c6ffb967a5317b30df128b605f8
ba126bf3-0bd3-7704-3be3-4d3504a95d25,play_store,d16b00c6-ad37-4286-8912-b6e6158aae81,nice app I like it,nice app like,5,2026-07-29T18:38:11+00:00,POSITIVE,5677015eca2eea8b46f4477c8e2af4b9ee3c72d336222b274be2eecaa6198b2f
777f275e-2f77-62d6-296e-9c47e5584902,play_store,86b175a8-ad18-432b-9ca1-c89cd0f284e5,nice n friendly,nice n friendly,5,2026-07-29T18:38:03+00:00,POSITIVE,2d3c1df512da50bea6e0d354f340cc6576d145f67f31bb4518ecccdac5f01cae
10e3cfe6-a928-c2ec-fd36-d92fc94e5578,play_store,3bdc97bc-87cd-4257-8d1f-bb4acd95eab8,this is good 👍,good,5,2026-07-29T18:36:37+00:00,POSITIVE,70aba993ac5904cf12843b4e8b237717c8e45c1b7d5bc68fdb7f6d1914f50641
5c519631-a406-dbd8-da1a-56fff21a3a30,play_store,2be5fff6-bc58-4317-8e62-7ab779cd7bb7,🙏😭 thanks blinkit for fast delivery,thanks blinkit fast delivery,5,2026-07-29T18:35:04+00:00,POSITIVE,2f50bb6b0b3bb9e180b24031fbe39892088fa256b647db821293c8350c7c44f4
226906cd-6382-4a6f-6eec-ba4db9d2b17c,play_store,6cee5978-1fc3-4d0c-b72a-85a2c603b1e1,Any item expiry date is expired,item expiry date expired,1,2026-07-29T18:33:30+00:00,NEGATIVE,c58660dd41c99985f9d2682e0091b896651bad1dbff5cca0f47ef9d61807fdb6
350df495-e1aa-ad3b-3718-d7dd7616fb56,play_store,6d8c53fb-9cd8-4697-8f00-b9c4147b0c3e,very fast service 😄 🫰🏻🩷❤️,fast service,5,2026-07-29T18:32:28+00:00,POSITIVE,39b28cacccab30e3631670483b721ff039541a1dc7e89bed1be19246049bb6d9
abeeceb8-8e41-e4e6-be81-98a12dded49c,play_store,4fe5a7af-5aa4-4fa3-b8d8-34108a103084,## blinkit. why they are Charging handling fee always,blinkit charging handling fee always,3,2026-07-29T18:30:18+00:00,NEUTRAL,07ef31bcabf5efbc21a92f704fc5b3025be7762b8e69626e3cfe4cd2ce7289f3
41c483a6-fc29-4f6c-b655-488f9b8eefb9,play_store,e432f92c-0335-40cc-9e0d-bb8cd1bf0d9b,iska delivery Sahi nahin Hai,iska delivery sahi nahin hai,4,2026-07-29T18:28:03+00:00,POSITIVE,25b0ca34e61d489b99bf0167405eea25545db2469339fba2c83439a9482b536f
45b5b64c-3eb3-d54b-25ef-54b41b1e53c3,play_store,db9b1bdf-f4a9-4237-97e6-6952180e1f4f,very convenient and hassle free,convenient hassle free,5,2026-07-29T18:26:50+00:00,POSITIVE,48c9e40e7455cfa5ca6a579d8b5ceedd6ff8e4b0f01d00da7b9db78af1417ada
99ffb690-8e66-f83c-645c-0e7e69f19722,play_store,76bfa433-9b74-4938-a360-a0d7f670b904,the app is good but the charges are high,app good charges high,4,2026-07-29T18:26:11+00:00,POSITIVE,0bc7af8d981dec652d3bd97b6c82903714e731e619e26601dc48cd400005386c
b19f7f3d-efdd-a5e7-604a-d09a3a9a9f8c,play_store,5af11574-6df6-4912-82b6-c45052e0da6a,"Sometimes, Blinkit does not deliver us the items mentioned in the order summary but charge for that",sometimes blinkit deliver us items mentioned order summary charge,2,2026-07-29T18:25:32+00:00,NEGATIVE,17fcc0bad3efd025e42d48c0f68a7794c085064008628fc36de1c3eea9855d4f
678915c5-e875-fa45-857e-9ffd7abec017,play_store,f05ff7d9-b397-4823-92c9-92ae38a2defe,Good Gooder Goodest,good gooder goodest,5,2026-07-29T18:25:09+00:00,POSITIVE,7a02a584e6b49562f440f00c6075bfe9b0681b6a0fb4ff67651598b0c30c5597
c2198edd-8b67-6196-86b3-4df1968bb76b,play_store,645b3ace-494a-4768-854b-d23b5e516f0c,thank you blinkit,thank blinkit,5,2026-07-29T18:24:23+00:00,POSITIVE,33173871d11eaec503aa8d1d21d5d30e83acd78276baadc8ddcc50e391cc548a
5b2d746c-fd91-3ab3-334f-119f533b821f,play_store,8e181983-4433-412b-8caf-7150f123c392,VERY FAST DELIVEREY,fast deliverey,5,2026-07-29T18:22:08+00:00,POSITIVE,b3d6792df31052e1cdba1674c939b5087fef06dbeb3f54f059b2425855e13ec9
5104cbc4-5afb-3cb4-1100-bfc3b5cd0eea,play_store,8e683d8f-fac8-4438-89a6-2c91af4d775d,very bad service online payment n kare only cash warna Paisa cut jaata hai ata bhi nahi hai. mera payment nahi aya hai abhi tak sir,bad service online payment n kare cash warna paisa cut jaata hai ata bhi nahi hai mera payment nahi aya hai abhi tak sir,1,2026-07-29T18:21:05+00:00,NEGATIVE,96a5f51e757c8792e531a789dc4fedaf7cacb577a9ab5ec946bfdb8422ac4e90
51c0fd42-0aae-567e-2a40-e6e136b8e554,play_store,b33af283-6da4-4258-bb97-57c779758d2d,very nice 😊😊😊😊❤️😍😍,nice,5,2026-07-29T18:19:05+00:00,POSITIVE,da46c5fa6895072afe4fe7cb56983d372633c96b1ff6ccc316363b01ca136418
28fca695-ef88-9e37-07f9-118aa23e76ba,play_store,a0d2fb3c-b192-4242-a2f9-f3a799b2726a,worst app misleading the customers about stock notification. after click for notification tab no notification by sms or whstsup for items.today cod not available,worst app misleading customers stock notification click notification tab notification sms whstsup itemstoday cod available,1,2026-07-29T18:16:29+00:00,NEGATIVE,6977c6b1ee7ba37d8ba79a9c2647fb9a2167b45839ee81572e6a1eace0efd52a
3fb717d9-8a39-e17e-ae88-1ee90f2175f9,play_store,983a3a99-87f1-40cd-be7a-9e123ef83d0e,Good to order during emergency time,good order emergency time,4,2026-07-29T18:12:58+00:00,POSITIVE,449e7d606ab4c1e865c1861f89f366e959d3b312bb66c865f33c638c0f54a2c9
0f892dbf-b96b-ae43-80d7-53c17e591be6,play_store,fe0c88bc-35e3-40b9-865c-5d0dcf0a7e68,blinkit bahut kharab order deta hai hum ek bottle mangaya usme bottle futa hua nikla ..or order return v nhi leta hai .,blinkit bahut kharab order deta hai hum ek bottle mangaya usme bottle futa hua nikla order return v nhi leta hai,1,2026-07-29T18:11:59+00:00,NEGATIVE,07e201dab55dd52c88267f3bfc7a1c5ad52746bf6968c367ff38db013f815a62
08eba357-805b-c3c9-ed9c-c1f08e2e29cd,play_store,976d9474-d13d-4457-bddf-f8edab1ded0c,I m sharing my experience after using from months that blinkit is having pathetic customer care service because they send you rotten items dirty package first of all they will not return and the most they won't accept and not apologize for that so people's continue buying but order COD and checked everything on your doorstep and if it's not ok don't receive,m sharing experience using months blinkit pathetic customer care service send rotten items dirty package first return wont accept apologize peoples continue buying order cod checked everything doorstep ok dont receive,2,2026-07-29T18:11:11+00:00,NEGATIVE,dd5218af139bb8edd3994ce81eda50d477bf6e2aa76c9d4ff8febeeb6583a2a8
b056dee3-1e3a-1ad9-d327-ff00c1311eb3,play_store,5ca612cd-d46c-4118-a86f-e33ddb9c0c77,delivery charges are to expensive 😭,delivery charges expensive,3,2026-07-29T18:10:33+00:00,NEUTRAL,1d1d8ef9e5ab0348c5bc5db9dd1df5e8993988e720a03e680198d2d4bea05ae1
976a1aee-e5dc-de5a-5328-4526e4ed3926,play_store,697c2d6e-1165-41b9-90b3-f494626b96d1,randomly got hit with a 30 rs surge charge,randomly got hit 30 rs surge charge,1,2026-07-29T18:08:11+00:00,NEGATIVE,df57beeb05b3075e247291528f3290f3d81a882c2dbee51383eaaca64daba04a
f6b79164-a14e-fc00-118d-8e3d876379e1,play_store,a96eaef8-42db-4e52-ba12-c740cb760ce0,ye log change nhi rakhte,ye log change nhi rakhte,1,2026-07-29T18:06:50+00:00,NEGATIVE,2beee8fe31fe4ee7e376af0a0b50fe35eefd9e158f42ee1c0513067291ea23ae
973415b9-6604-a6c5-8b62-a14b3120693e,play_store,119e3dd8-65f9-42d2-aae4-5f890b1ef2ba,app is a very nice trustable app,app nice trustable app,5,2026-07-29T18:02:25+00:00,POSITIVE,f90537846b3cf076026238c3c2a06fc81b91c6c2fea3d4717b7bb48b92fb2c85
ba929f64-4f9e-b43e-66f3-fd2e640a89ba,play_store,59e4e63b-5fdf-496c-94cb-e32ad65ef52c,easy to way buy products.,easy way buy products,5,2026-07-29T18:02:14+00:00,POSITIVE,6ab57be8f0e30a719cb5383d1a82b923b2bc626b53618aecb4b3ffa58a368690
ad77fc04-2c60-12e1-96b3-2da6b3be3652,play_store,2a40e97f-0d5c-4c30-9622-a4e0985a29cc,"mind blowing app , which give me proper facility to your house gate and very polite delivery staff and agent .... nice app i like it very much ... appreciate to all the blinkit team..for this valuable services",mind blowing app give proper facility house gate polite delivery staff agent nice app like much appreciate blinkit teamfor valuable services,5,2026-07-29T18:01:35+00:00,POSITIVE,e7ab89c972117735619ea3dcb77d968f49c35d39c72c59fd9c366e5c4b76b65f
5c827399-d1dc-0c92-5ad9-360359c82f8c,play_store,2ee11dd7-419a-46ec-8bbd-fc8c771512a7,Thank's For Expressive Delivery,thanks expressive delivery,5,2026-07-29T17:59:41+00:00,POSITIVE,0d5b5cfa64b0a8a42b083ae4f1561f3279676715cb7376d3160d99d2e9de2c1e
31fc140c-f0b9-8da2-e0ca-4ce450894c64,play_store,e237c39a-af2a-4bed-ad4f-aa01f5dd6f61,dubble payment houi hai abhi refund nhi houi hai customer service very bad service,dubble payment houi hai abhi refund nhi houi hai customer service bad service,1,2026-07-29T17:58:38+00:00,NEGATIVE,3d0e5e082ac6fcd163c87647b8912e8cc807f27a4c5f89a9322a10e854979641
0c48e71f-e66f-e90a-12ef-4a050f7a3cb6,play_store,e0289372-d44d-456e-b91f-17f96655d014,Not available in my area so I order at my friend address Please make it available in my area soon,available area order friend address please make available area soon,5,2026-07-29T17:58:25+00:00,POSITIVE,64790a8746ead106a0e57095230bc21e854fd879fcf8b1f7e9ca03e6b5fec68f
fdc18a85-e722-179e-c1ad-148212f64d2c,play_store,c6d6b0de-cc77-41bf-8863-3177ec84868e,very good customer service ❤️,good customer service,5,2026-07-29T17:57:46+00:00,POSITIVE,634d7f151a2570e940a0f1a4c29de8438cb759d4b8b76c36dafac4262ad535de
535ec05b-25ab-5b88-b1ae-1e8c34b40879,play_store,e019cc02-0933-49c9-8885-2b42ee4957bc,"no proper communication channel at all, you will not know unless you call and find out what's happening",proper communication channel know unless call find whats happening,1,2026-07-29T17:56:04+00:00,NEGATIVE,d0199c37a6f905bced1e4f05fcc14dfae46649d1f2249c46b517274ff059bda5
6e450ce4-ee98-e9cb-dc14-57f821baaf21,play_store,6409d835-f004-4bdf-9bdb-30a435ae9a30,This is a fabulous app but there is always hope for improvement and I've a complaint of sometimes getting coffee tetra packs without straws apart from this one thing everything else is fine,fabulous app always hope improvement ive complaint sometimes getting coffee tetra packs without straws apart one thing everything else fine,4,2026-07-29T17:55:23+00:00,POSITIVE,98365e68365cc93ddd874ac01668a35d586fe65002873c514510bbd513c889bf
b77a4efc-66ae-2b90-5132-e7e720e23eb3,play_store,28c0c8cf-41a2-4a60-812a-85f800a12cd8,they don't return items after delivery if product is not good,dont return items delivery product good,1,2026-07-29T17:54:33+00:00,NEGATIVE,30fb5e9b30dfdfc4177a1a58e114559d0c39671b978c56605434d9111013b9ff
997a2104-e709-6c3f-0c69-78772f51b56e,play_store,44eee603-4cfe-44ec-8b26-59331c6019cc,fantastic service,fantastic service,5,2026-07-29T17:54:19+00:00,POSITIVE,8ff200fc5a5b5ad51a274d08e62fa3cd401a75eaf4aecdb45658460f506b24a0
1631474a-7a5d-1f41-5b23-48066fe42ecd,play_store,1db77af8-eab0-4662-a259-557dab57b8ad,Excellent 👍,excellent,5,2026-07-29T17:53:44+00:00,POSITIVE,4042c2032c213486c76a717a262dd350a5b1822b81225593c0d2d3569b8fb686
d269f8ff-2f65-1838-1462-cc4e96f1a7a6,play_store,7ba9b03a-2063-4bd3-b2b4-810107e0ec2e,excellent gud superb,excellent gud superb,5,2026-07-29T17:53:19+00:00,POSITIVE,1feea655bb295ce27bead74207000a19b85bdd6c2c941bd502859340c234d44a
93655acb-00df-f8d5-9cd5-428b92b104d5,play_store,6c002f4c-e84f-45f8-8cd8-bad2bfa4995c,Fast delivery impressive🎉,fast delivery impressive,4,2026-07-29T17:51:11+00:00,POSITIVE,2a6edbaacf231a4394cf76cc4d9337fb46c9d278246511f4165937b759550784
5e49a0ef-d40f-1312-6970-41fdb1a73c95,play_store,f17c5988-d806-4757-8559-80404e901277,this app is the best,app best,5,2026-07-29T17:50:45+00:00,POSITIVE,007f56c9baca7d423326fd9c9b1e0f5342d92673fa0664e164092886253ac9e0
22fd353d-d563-8fe3-fc99-cffe00614725,play_store,0c3c2f10-b7d6-4a24-ba7d-a261197a82d1,🥳 thank you,thank,5,2026-07-29T17:50:33+00:00,POSITIVE,edf15e8bc909e49d7cd6b2e3f8d11d39d4a5bdcf3305fe35d0049cf6e85f1b9d
c3ecab53-0e90-0bb6-8df1-4fbbac4b0366,play_store,82be4112-b338-44cf-8e59-d0a5db519d89,very good awesome quality and service is best.,good awesome quality service best,5,2026-07-29T17:49:48+00:00,POSITIVE,1f72f1269ac05b138e4dfc5bb94a1dd8044f2acf713e5f21a0941199753ab94c
5006f18b-1480-d409-1832-1625824dd57c,play_store,4ef11776-e573-4401-9dc3-b4e6a24e31cd,don't buy electronics from this platform. they say 7day replacement yet they don't stick to their words even when the product is faulty.,dont buy electronics platform say 7day replacement yet dont stick words even product faulty,1,2026-07-29T17:48:57+00:00,NEGATIVE,74b3e5874f7f48d8526ddf8962e6768d061350198f4644507d221f78e883b60e
7a802ff1-aacc-87b8-0a95-ba2e3c716648,play_store,39f0f4c2-df90-4b32-ad80-66b56860f361,prompt service good 😊,prompt service good,5,2026-07-29T17:48:07+00:00,POSITIVE,7a3d5e60385a05fef243ad7c6c38672cad4c4f69395eb6e24ff74122aad4a198
c9bc1545-d499-4e9f-8b1a-42bfd68cdf54,play_store,68e6f60e-44e8-4352-8731-3105781e799e,one of the best item I get like groceries and other suppliments here...,one best item get like groceries suppliments,5,2026-07-29T17:47:57+00:00,POSITIVE,220ddedc5acb5d30246086c1d36baf99cd115b1a6403e5bb541ee094d397d027
36ee785d-9868-b011-26e0-7124aef1d3d6,play_store,8a87bfa4-83e8-4340-b6d2-a111f1b379e9,good 👍 to you ☺️,good,5,2026-07-29T17:47:08+00:00,POSITIVE,ca70a4ebcebba500e87d892b7c97846a807a42feabf1b27cf6a3fb6a077086bb
2776cd63-1db4-02cc-2dc9-b00ed68e93b7,play_store,289da524-b7d4-4661-8534-d781764c8e96,really useful in times of emergencies,really useful times emergencies,5,2026-07-29T17:46:42+00:00,POSITIVE,444c577e8bb39466c91a35e7ffe9ad21ed640c334b5f8b9388ef3645468637a4
b3dbe4cf-fb6e-02f3-a7a4-a854784cf586,play_store,6f8ef26b-2d88-458a-b076-3a18c5493a54,Best choice,best choice,5,2026-07-29T17:43:51+00:00,POSITIVE,ff3db44113028b203453c71654c11c679c1c969434ce566b8da0d2c966b69d39
aa3034e4-ac70-502c-2864-d7cdf6ecef41,play_store,fdb71cb1-6417-4238-96f1-418dfb00bb07,Good service,good service,5,2026-07-29T17:43:11+00:00,POSITIVE,45bfd7d6b0db6049c09596474c4c95031262b38909eab2523f7d2f752df9f7a6
4d059345-8413-bac2-dd23-dc87c28c3fe2,play_store,75321260-6eb6-42f9-a4ed-6b152311aa5f,very good service,good service,5,2026-07-29T17:42:34+00:00,POSITIVE,68be753ef382438fe36121cd1005f546e38dcc054afb9eb25bdbe48a2f13388c
e4891396-4750-4625-5106-d46c3f3d8da0,play_store,baa4eb6a-a334-4d18-9539-59e61d93b761,price jyada ha market se,price jyada ha market se,3,2026-07-29T17:41:19+00:00,NEUTRAL,2c282a30a2545cb36ee72349d8e039767fb54931837f9772cff59ae3a096b597
f086d91e-dcf0-aa3d-ab03-7c4c380f84b3,play_store,e8ae3798-e8f3-4012-a31d-0a4ef3960948,ok fast delivery urgent,ok fast delivery urgent,5,2026-07-29T17:40:48+00:00,POSITIVE,f7f1bc9fbaacefdc66a7aedbbdb05a4b6a1cfa865e9c47239bc68e4d1e251f3d
cc877b77-6b71-1bcd-8b57-676bb4fa2507,play_store,8e955d60-b9f4-4124-a4e2-7e48c41e62fb,amazing 👏 🤩,amazing,5,2026-07-29T17:40:13+00:00,POSITIVE,1f80ca1d83915c67d98cc5dc922228bdfca8f88b23770a06cf66e7a54d84ccd3
46bd0e5c-5aea-349f-e639-a489828ca2b2,play_store,172687e7-77be-49b2-8d65-a79c7acc1f29,very poor service,poor service,1,2026-07-29T17:39:37+00:00,NEGATIVE,7d64783ae8e963ec2aed6b3284c660d53be4cbd6b69a3b32ddfdb63a5b3eff11
0bd17759-6e41-ae48-df92-286436b28525,play_store,6ed8ee9e-2771-4ba4-9d7a-01d383139149,very good 😊,good,5,2026-07-29T17:37:55+00:00,POSITIVE,4b7987c968d60453007f0445f7a3966680bd4b0ecb69fc6db7ff0ee84db87fb0
8118f12d-ff61-0d19-679f-a57bf31db5fa,play_store,accdaf6f-e3c9-4763-8ed6-7933a0494a54,very good application to buy any product,good application buy product,5,2026-07-29T17:37:11+00:00,POSITIVE,5cef36f2fbc3ae09b90d39f712928def036baf2448f3e7c174b2b8d47f70aa13
9ed1c105-8745-9878-2192-1ef6b6b17e35,play_store,ede91451-43ce-4af6-a1a8-35228ea100d0,they lie about estimated delivery all the time. say 10 mins and nothing even gets dispatched after 10 mins at least half the time,lie estimated delivery time say 10 mins nothing even gets dispatched 10 mins least half time,1,2026-07-29T17:36:13+00:00,NEGATIVE,54a46b4469b6fa35c341005e4693f6a1767fb9fa7b32b010c9bc49bf3dc307ee
9f0f2513-ce9a-b96a-b191-601ecac1f7e8,play_store,3c0801c2-05d0-44b0-983a-654c948a03c8,GOOD RANGE AVAILABLE,good range available,5,2026-07-29T17:36:11+00:00,POSITIVE,0b067bf4d69d69862db9cd77c795c368be563d5647b7e55d8a26849c1d4a526d
d4399287-bc38-4b71-3dbc-54950e74ec18,reddit,reddit_sub_101,"I noticed that whenever I need milk, eggs, or Maggi, I open Blinkit and checkout in 20 seconds. But when I want to try a new premium chocolate brand or some new soda, I look at Zepto or Instamart. They seem to have better curation and categories. Is it just me or does anyone else feel Blinkit has a mental lock-in as 'emergency grocery'?",noticed whenever need milk eggs maggi open blinkit checkout 20 seconds want try new premium chocolate brand new soda look zepto instamart seem better curation categories anyone else feel blinkit mental lockin emergency grocery,,2026-07-30T13:31:40.916400+00:00,NEUTRAL,381613b0c83c1c1736e1bdabb3dd2066ce1c5d80dcd9b352fd2e1a67ace5333c
a347022d-e7d2-a7cd-7b38-f6c95f823a95,reddit,reddit_cmt_201,"True, Blinkit layout is heavily optimized for speed. Their 'Order Again' is the first thing you see. It completely blocks browsing. If I want to find gourmet categories or pet treats, I have to search, and the search results are full of random stuff. I substitution fear is another reason - Blinkit once substituted my organic tofu with normal paneer without asking!",true blinkit layout heavily optimized speed order first thing see completely blocks browsing want find gourmet categories pet treats search search results full random stuff substitution fear another reason blinkit substituted organic tofu normal paneer without asking,,2026-07-30T13:31:40.916400+00:00,NEUTRAL,b87412871de0b16f89b979548569bce8576e498f4e4bf93fbd3ee4d6e2451f63
436a3587-3d89-043e-e071-a9e2a51ffb84,reddit,reddit_sub_102,"Has anyone else stopped buying fruits and vegetables from Blinkit? The last three times I ordered tomatoes and bananas, they were bruised or stale. The convenience of 10-minute delivery doesn't make up for trash quality. I'm going back to the local vendor for fresh produce.",anyone else stopped buying fruits vegetables blinkit last three times ordered tomatoes bananas bruised stale convenience 10minute delivery doesnt make trash quality im going back local vendor fresh produce,,2026-07-30T13:31:40.916400+00:00,NEUTRAL,fa1f4d73ca12bcd55798c9e5781644452aff26f1315b9e1f564aae4e328055fd
c8c1964e-b83c-d581-3ae9-30ae5e5d1c55,reddit,reddit_cmt_202,"I agree. Plus, the prices in non-staple categories like wellness or gourmet snacks are overpriced. In staples it is fine, but for premium cheese or imported biscuits, they charge too much. If they expect me to discover and buy these, they need to offer better trial prices.",agree plus prices nonstaple categories like wellness gourmet snacks overpriced staples fine premium cheese imported biscuits charge much expect discover buy need offer better trial prices,,2026-07-30T13:31:40.916400+00:00,NEUTRAL,0df478d2d36b0526f76358cb887fd1b9f138e40e2ea7c63f0735ababf3d6b997
8e6169ce-c33f-7fdb-b005-032c69b71211,google_form,form_001,"I really love Blinkit's speed, but I only use the app to buy milk and eggs. I don't feel motivated to try wellness products because they are expensive.",really love blinkits speed use app buy milk eggs dont feel motivated try wellness products expensive,4,2026-07-28T09:00:00+00:00,POSITIVE,921970462f609a73ac9423b5703e7915414676b89447d65a9e090ccbb10a20b9
80f4e0be-65cd-b081-e1a9-1252d474473c,google_form,form_002,"I tried buying fresh paneer last week, but the app sent me one that was close to expiry. The trust isn't there, so I avoid other fresh categories now.",tried buying fresh paneer last week app sent one close expiry trust isnt avoid fresh categories,2,2026-07-27T10:15:00+00:00,NEGATIVE,c8fdc3ec0fb17e91e79f76e8787ae27bf08b89b80fb3e921ab624a674b8436b4
45c25ef2-8649-2e40-309a-9a6e5fb3ad02,google_form,form_003,"The search function is annoying. If I search for organic tea, it displays standard tea. Very frustrating to discover premium items.",search function annoying search organic tea displays standard tea frustrating discover premium items,2,2026-07-26T14:22:00+00:00,NEGATIVE,c1409ae0b337ef337185e84c4c1b8eee4c7180f71a5c85c70d225b24becb9737
812a877d-0643-2118-9bb2-3dada0204fa8,google_form,form_004,"I always check out in 15 seconds. It is a convenience tool. I don't use it for browsing new items, I use Zepto or physical stores for exploring snacks.",always check 15 seconds convenience tool dont use browsing new items use zepto physical stores exploring snacks,3,2026-07-25T16:30:00+00:00,NEUTRAL,cd17fa7e8c11413026100a0fc88657abf5e625ce5e490da84855f14c91e8b8a6
